url	first_seen	portal	title	company	status
https://n26.com/en-eu/careers/positions/7883078?gh_jid=7883078	2026-05-06	greenhouse/n26	Data Engineer - Platform Engineering	N26	added
https://n26.com/en-eu/careers/positions/7857802?gh_jid=7857802	2026-05-06	greenhouse/n26	Data Engineer - Platform Engineering	N26	added
https://n26.com/en-eu/careers/positions/7738776?gh_jid=7738776	2026-05-06	greenhouse/n26	AFC Associate - SAR Delegate	N26	skipped_title
https://n26.com/en-eu/careers/positions/7861428?gh_jid=7861428	2026-05-06	greenhouse/n26	Product Manager - Data Governance & Analytics Engineering	N26	skipped_title
https://getyourguide.careers/jobs/7618822?gh_jid=7618822	2026-05-06	greenhouse/getyourguide	Staff Data Analyst, Marketing Analytics	GetYourGuide	added
https://getyourguide.careers/jobs/7548475?gh_jid=7548475	2026-05-06	greenhouse/getyourguide	Senior Analytics Manager, Supply	GetYourGuide	added
https://getyourguide.careers/jobs/7602318?gh_jid=7602318	2026-05-06	greenhouse/getyourguide	Data Engineering Manager, Supply	GetYourGuide	added
https://getyourguide.careers/jobs/7585609?gh_jid=7585609	2026-05-06	greenhouse/getyourguide	Senior Decision Scientist, Product Analytics	GetYourGuide	skipped_title
https://traderepublic.com/en-de/about?jobId=6589276003&gh_jid=6589276003	2026-05-06	greenhouse/traderepublicbank	Analytics Engineer (Berlin)	Trade Republic	added
https://traderepublic.com/en-de/about?jobId=7626425003&gh_jid=7626425003	2026-05-06	greenhouse/traderepublicbank	Analytics Engineering (London)	Trade Republic	added
https://traderepublic.com/en-de/about?jobId=7623520003&gh_jid=7623520003	2026-05-06	greenhouse/traderepublicbank	Analytics Engineering (Paris)	Trade Republic	added
https://traderepublic.com/en-de/about?jobId=7599040003&gh_jid=7599040003	2026-05-06	greenhouse/traderepublicbank	Process Operations Analyst/Associate - German Speaker	Trade Republic	added
https://traderepublic.com/en-de/about?jobId=7536366003&gh_jid=7536366003	2026-05-06	greenhouse/traderepublicbank	Analyst - Executive Office	Trade Republic	skipped_title
https://sumup.com/careers/positions/8529492002	2026-05-06	greenhouse/sumup	Analytics Engineer	SumUp	added
https://sumup.com/careers/positions/8498277002	2026-05-06	greenhouse/sumup	Data Analyst - CoreOps	SumUp	added
https://sumup.com/careers/positions/8168326002	2026-05-06	greenhouse/sumup	Data & Insights Analyst	SumUp	added
https://sumup.com/careers/positions/5152350002	2026-05-06	greenhouse/sumup	Business Analyst	SumUp	added
https://job-boards.greenhouse.io/contentful/jobs/7859228	2026-05-06	greenhouse/contentful	Analytical Engineer f/m/d	Contentful	added
https://job-boards.greenhouse.io/contentful/jobs/7544101	2026-05-06	greenhouse/contentful	Analytics Engineer	Contentful	added
https://job-boards.greenhouse.io/contentful/jobs/7544099	2026-05-06	greenhouse/contentful	Data Engineer	Contentful	added
https://job-boards.greenhouse.io/contentful/jobs/7560356	2026-05-06	greenhouse/contentful	Senior Business Intelligence Analyst	Contentful	added
https://job-boards.greenhouse.io/contentful/jobs/7557597	2026-05-06	greenhouse/contentful	Fullstack Software Engineer f/m/d	Contentful	added
https://job-boards.greenhouse.io/contentful/jobs/7875509	2026-05-06	greenhouse/contentful	Full Stack Software Engineer III	Contentful	added
https://job-boards.greenhouse.io/contentful/jobs/7782592	2026-05-06	greenhouse/contentful	Area Sales Director	Contentful	skipped_title
https://job-boards.greenhouse.io/gitlab/jobs/8478359002	2026-05-06	greenhouse/gitlab	Senior Data Analyst, Enterprise Analytics	GitLab	added
https://job-boards.greenhouse.io/gitlab/jobs/8472178002	2026-05-06	greenhouse/gitlab	Senior Data Analyst, Marketing Analytics	GitLab	added
https://job-boards.greenhouse.io/gitlab/jobs/8485506002	2026-05-06	greenhouse/gitlab	Senior Business Process Analyst, People Operations	GitLab	added
https://job-boards.greenhouse.io/gitlab/jobs/8452278002	2026-05-06	greenhouse/gitlab	Senior Fullstack Engineer (TypeScript), AI Engineering	GitLab	added
https://job-boards.greenhouse.io/gitlab/jobs/8231379002	2026-05-06	greenhouse/gitlab	Principal Database Engineer, Data Engineering	GitLab	skipped_title
https://careers.hellofresh.com/global/en/job/7559778?gh_jid=7559778	2026-05-06	greenhouse/hellofresh	Data Engineer, Global Data Products	HelloFresh	added
https://careers.hellofresh.com/global/en/job/7387627?gh_jid=7387627	2026-05-06	greenhouse/hellofresh	Product Data Analyst (SQL/Python)	HelloFresh	added
https://careers.hellofresh.com/global/en/job/7704587?gh_jid=7704587	2026-05-06	greenhouse/hellofresh	Growth Strategy Data Analyst - Intern	HelloFresh	skipped_title
https://job-boards.greenhouse.io/autoscout24/jobs/7711736003	2026-05-06	websearch/greenhouse	Senior Marketing Data Analyst (m/f/d)	AutoScout24	added
https://job-boards.greenhouse.io/autoscout24/jobs/7551613003	2026-05-06	websearch/greenhouse	Principal Analytics Engineer (m/f/d)	AutoScout24	skipped_title
https://job-boards.greenhouse.io/simplesurance/jobs/7112727	2026-05-06	websearch/greenhouse	Business Analyst (all genders) - Berlin	simplesurance	added
https://job-boards.greenhouse.io/celonis/jobs/6489864003	2026-05-06	websearch/greenhouse	Senior Data Engineer	Celonis	added
https://jobs.ashbyhq.com/n8n/48bc9f74-5ec3-41f9-bfdf-ade6b3be7ecc	2026-05-06	websearch/ashbyhq	Data Analyst Growth (PLG) - Remote Europe	n8n	added
https://jobs.ashbyhq.com/n8n/da0d3b3a-71d9-460e-856d-0d5a52c07dc6	2026-05-06	websearch/ashbyhq	Sr Customer Data Analyst - Remote Europe	n8n	added
https://jobs.ashbyhq.com/onhires/f747b8e0-7135-4ea6-9749-b0c283f45b75	2026-05-06	websearch/ashbyhq	Lead Data Engineer - Remote Europe (Berlin team)	OnHires	added
https://himalayas.app/companies/starship-co/jobs/senior-data-analyst-germany-remote	2026-05-06	websearch/himalayas	Senior Data Analyst (Germany, Remote)	Starship Technologies	added
https://weworkremotely.com/remote-jobs/fingerprint-data-analyst	2026-05-06	websearch/weworkremotely	Data Analyst - Remote	Fingerprint	added
https://weworkremotely.com/remote-jobs/ahu-technologies-data-analyst	2026-05-06	websearch/weworkremotely	Data Analyst - Remote	AHU Technologies	added
https://weworkremotely.com/remote-jobs/ivy-tech-business-analyst	2026-05-06	websearch/weworkremotely	Business Analyst - Remote	Ivy Tech	skipped_title
https://www.seek.com.au/data-analyst-jobs/in-All-Melbourne-VIC	2026-05-06	websearch/seek	Data Analyst Jobs Melbourne (category page)	SEEK	skipped_title
https://www.seek.com.au/business-analyst-jobs/in-All-Melbourne-VIC	2026-05-06	websearch/seek	Business Analyst Jobs Melbourne (category page)	SEEK	skipped_title
https://www.seek.com.au/data-engineer-jobs/in-All-Melbourne-VIC	2026-05-06	websearch/seek	Data Engineer Jobs Melbourne (category page)	SEEK	skipped_title
https://www.jobstreet.com.my/power-bi-data-analyst-jobs	2026-05-06	websearch/jobstreet	Power BI Data Analyst Jobs Malaysia (category page)	JobStreet	skipped_title
